,,,Type,,Date,,Num,,Name,,Memo,,Account,,Clr,,Split,,Amount,,Balance
Jan - Dec 26,,,,,,,,,,,,,,,,,,,,,
,,,Deposit,,01/02/2026,,,,,,Deposit,,101 · CASH IN BANK - UTILITY,,Ö,,105 · ACCOUNTS RECEIVABLE,,362.90,,362.90
,,,Deposit,,01/02/2026,,,,WATER PAYMENTS,,VIA CREDIT CARD,,105 · ACCOUNTS RECEIVABLE,,,,101 · CASH IN BANK - UTILITY,,-362.90,,0.00
,,,Check,,01/02/2026,,12122,,RUPP'S TRUCK AND TRAILER,,,,101 · CASH IN BANK - UTILITY,,Ö,,453 · TRASH SUPPLIES/REPAIRS,,-125.80,,-125.80
,,,Check,,01/02/2026,,12122,,RUPP'S TRUCK AND TRAILER,,TRASH TRUCK REPAIRS,,453 · TRASH SUPPLIES/REPAIRS,,,,101 · CASH IN BANK - UTILITY,,125.80,,0.00
,,,Check,,01/05/2026,,12119,,TOWN OF WILEY - GENERAL,,,,101 · CASH IN BANK - UTILITY,,Ö,,-SPLIT-,,"-8,161.25",,"-8,161.25"
,,,Check,,01/05/2026,,12119,,TOWN OF WILEY - GENERAL,,payroll,,270 · DUE TO/FROM GENERAL FUND,,,,101 · CASH IN BANK - UTILITY,,"6,605.07",,"-1,556.18"
,,,Check,,01/05/2026,,12119,,TOWN OF WILEY - GENERAL,,land,,270 · DUE TO/FROM GENERAL FUND,,,,101 · CASH IN BANK - UTILITY,,50.00,,"-1,506.18"
,,,Check,,01/05/2026,,12119,,TOWN OF WILEY - GENERAL,,health,,491 · EMPLOYEE BENEFIT,,,,101 · CASH IN BANK - UTILITY,,"1,506.18",,0.00
,,,Check,,01/05/2026,,12120,,CITY OF LAMAR,,,,101 · CASH IN BANK - UTILITY,,Ö,,-SPLIT-,,-330.10,,-330.10
,,,Check,,01/05/2026,,12120,,CITY OF LAMAR,,977-304 MAIN,,411 · PUMPING EXPENSE,,,,101 · CASH IN BANK - UTILITY,,293.10,,-37.00
,,,Check,,01/05/2026,,12120,,CITY OF LAMAR,,978-304 MAIN ST PUMP,,411 · PUMPING EXPENSE,,,,101 · CASH IN BANK - UTILITY,,37.00,,0.00
,,,Check,,01/05/2026,,12121,,WILEY SANITATION DISTRICT,,,,101 · CASH IN BANK - UTILITY,,Ö,,222 · DUE TO/FROM WSD,,"-7,942.73",,"-7,942.73"
,,,Check,,01/05/2026,,12121,,WILEY SANITATION DISTRICT,,SEWAGE SALES,,222 · DUE TO/FROM WSD,,,,101 · CASH IN BANK - UTILITY,,"7,942.73",,0.00
,,,General Journal,,01/05/2026,,363,,,,WALKER WELL LOAN USDA RD DCFO,,101 · CASH IN BANK - UTILITY,,Ö,,211.3 · WALKER WELL LOAN (USDA RD),,"-10,256.00",,"-10,256.00"
,,,General Journal,,01/05/2026,,363,,,,WALKER WELL LOAN USDA RD DCFO,,211.3 · WALKER WELL LOAN (USDA RD),,,,101 · CASH IN BANK - UTILITY,,"10,256.00",,0.00
,,,Deposit,,01/05/2026,,,,,,Deposit,,101 · CASH IN BANK - UTILITY,,Ö,,105 · ACCOUNTS RECEIVABLE,,"1,600.00",,"1,600.00"
,,,Deposit,,01/05/2026,,,,WATER PAYMENTS,,WATER PAYMENTS,,105 · ACCOUNTS RECEIVABLE,,,,101 · CASH IN BANK - UTILITY,,"-1,600.00",,0.00
,,,Deposit,,01/05/2026,,,,,,Deposit,,101 · CASH IN BANK - UTILITY,,Ö,,105 · ACCOUNTS RECEIVABLE,,"2,294.00",,"2,294.00"
,,,Deposit,,01/05/2026,,,,WATER PAYMENTS,,WATER PAYMENTS,,105 · ACCOUNTS RECEIVABLE,,,,101 · CASH IN BANK - UTILITY,,"-2,294.00",,0.00
,,,Check,,01/05/2026,,12123,,WALLACE GAS AND OIL,,,,101 · CASH IN BANK - UTILITY,,Ö,,419.4- FUEL EXPENSE,,-516.50,,-516.50
,,,Check,,01/05/2026,,12123,,WALLACE GAS AND OIL,,TRASH TRUCK FUEL,,419.4- FUEL EXPENSE,,,,101 · CASH IN BANK - UTILITY,,516.50,,0.00
,,,Check,,01/05/2026,,12124,,CITY OF LAMAR,,,,101 · CASH IN BANK - UTILITY,,Ö,,-SPLIT-,,"-2,659.14",,"-2,659.14"
,,,Check,,01/05/2026,,12124,,CITY OF LAMAR,,977-304 MAIN,,411 · PUMPING EXPENSE,,,,101 · CASH IN BANK - UTILITY,,,,"-2,659.14"
,,,Check,,01/05/2026,,12124,,CITY OF LAMAR,,978-304 MAIN ST PUMP,,411 · PUMPING EXPENSE,,,,101 · CASH IN BANK - UTILITY,,,,"-2,659.14"
,,,Check,,01/05/2026,,12124,,CITY OF LAMAR,,DECEMBER LANDFILL CHARGES,,454 · TRASH DISPOSAL-TRASH SERVICE,,,,101 · CASH IN BANK - UTILITY,,"2,659.14",,0.00
,,,Check,,01/05/2026,,12125,,LAMAR AUTO PARTS,,,,101 · CASH IN BANK - UTILITY,,Ö,,453 · TRASH SUPPLIES/REPAIRS,,-60.94,,-60.94
,,,Check,,01/05/2026,,12125,,LAMAR AUTO PARTS,,TRASH TRUCK REPAIR SUPPLIES,,453 · TRASH SUPPLIES/REPAIRS,,,,101 · CASH IN BANK - UTILITY,,60.94,,0.00
,,,Check,,01/05/2026,,12126,,FORT LYON CANAL COMPANY,,,,101 · CASH IN BANK - UTILITY,,Ö,,416 · DUES & SUBSCRIPTIONS,,-231.00,,-231.00
,,,Check,,01/05/2026,,12126,,FORT LYON CANAL COMPANY,,7 SHARES ASSESSMENT,,416 · DUES & SUBSCRIPTIONS,,,,101 · CASH IN BANK - UTILITY,,231.00,,0.00
,,,Check,,01/05/2026,,12127,,POST MASTER,,2 BOOKS 2 ROLLS,,101 · CASH IN BANK - UTILITY,,Ö,,465 · OFFICE SUPPLIES/POSTAGE,,-187.20,,-187.20
,,,Check,,01/05/2026,,12127,,POST MASTER,,2 BOOKS 2 ROLLS,,465 · OFFICE SUPPLIES/POSTAGE,,,,101 · CASH IN BANK - UTILITY,,187.20,,0.00
,,,Deposit,,01/06/2026,,,,,,Deposit,,101 · CASH IN BANK - UTILITY,,Ö,,105 · ACCOUNTS RECEIVABLE,,"1,645.00",,"1,645.00"
,,,Deposit,,01/06/2026,,,,WATER PAYMENTS,,WATER PAYMENTS,,105 · ACCOUNTS RECEIVABLE,,,,101 · CASH IN BANK - UTILITY,,"-1,645.00",,0.00
,,,Deposit,,01/07/2026,,,,,,Deposit,,101 · CASH IN BANK - UTILITY,,Ö,,105 · ACCOUNTS RECEIVABLE,,364.98,,364.98
,,,Deposit,,01/07/2026,,,,WATER PAYMENTS,,VIA CREDIT CARD,,105 · ACCOUNTS RECEIVABLE,,,,101 · CASH IN BANK - UTILITY,,-364.98,,0.00
,,,General Journal,,01/07/2026,,367,,,,SECPA ACT 133501,,101 · CASH IN BANK - UTILITY,,Ö,,411 · PUMPING EXPENSE,,-142.36,,-142.36
,,,General Journal,,01/07/2026,,367,,,,SECPA ACT 133501,,411 · PUMPING EXPENSE,,,,101 · CASH IN BANK - UTILITY,,142.36,,0.00
,,,General Journal,,01/07/2026,,367,,,,SECPA ACT 133401,,101 · CASH IN BANK - UTILITY,,Ö,,411 · PUMPING EXPENSE,,-386.55,,-386.55
,,,General Journal,,01/07/2026,,367,,,,SECPA ACT 133401,,411 · PUMPING EXPENSE,,,,101 · CASH IN BANK - UTILITY,,386.55,,0.00
,,,Deposit,,01/07/2026,,,,,,Deposit,,101 · CASH IN BANK - UTILITY,,Ö,,-SPLIT-,,"5,276.00",,"5,276.00"
,,,Deposit,,01/07/2026,,,,DOUG LUBBERS,,DOUG LUBBERS FORT LYON SHARES,,364 · LEASE,,,,101 · CASH IN BANK - UTILITY,,"-4,485.00",,791.00
,,,Deposit,,01/07/2026,,,,WATER PAYMENTS,,WATER PAYMENTS,,105 · ACCOUNTS RECEIVABLE,,,,101 · CASH IN BANK - UTILITY,,-791.00,,0.00
,,,Check,,01/07/2026,,12128,,MAY VALLEY WATER ASSOCIATION,,,,101 · CASH IN BANK - UTILITY,,Ö,,-SPLIT-,,-27.34,,-27.34
,,,Check,,01/07/2026,,12128,,MAY VALLEY WATER ASSOCIATION,,chlorine,,430 · WATER TREATMENT,,,,101 · CASH IN BANK - UTILITY,,,,-27.34
,,,Check,,01/07/2026,,12128,,MAY VALLEY WATER ASSOCIATION,,POSTAGE FOR TESTING AND HOT SPOT CHARGES,,465 · OFFICE SUPPLIES/POSTAGE,,,,101 · CASH IN BANK - UTILITY,,27.34,,0.00
,,,Check,,01/07/2026,,12129,,AMANDA BROWN,,,,101 · CASH IN BANK - UTILITY,,Ö,,415.11 · AUDIT & BUDGET EXPENSE,,-400.00,,-400.00
,,,Check,,01/07/2026,,12129,,AMANDA BROWN,,BUDGET,,415.11 · AUDIT & BUDGET EXPENSE,,,,101 · CASH IN BANK - UTILITY,,400.00,,0.00
,,,Deposit,,01/08/2026,,,,,,Deposit,,101 · CASH IN BANK - UTILITY,,Ö,,105 · ACCOUNTS RECEIVABLE,,209.99,,209.99
,,,Deposit,,01/08/2026,,,,WATER PAYMENTS,,VIA CREDIT CARD,,105 · ACCOUNTS RECEIVABLE,,,,101 · CASH IN BANK - UTILITY,,-209.99,,0.00
,,,Check,,01/08/2026,,12130,,LAWMA,,,,101 · CASH IN BANK - UTILITY,,Ö,,416 · DUES & SUBSCRIPTIONS,,-658.00,,-658.00
,,,Check,,01/08/2026,,12130,,LAWMA,,ASSESSMENT FOR LAWMA SHARES,,416 · DUES & SUBSCRIPTIONS,,,,101 · CASH IN BANK - UTILITY,,658.00,,0.00
,,,Deposit,,01/08/2026,,,,,,Deposit,,101 · CASH IN BANK - UTILITY,,Ö,,105 · ACCOUNTS RECEIVABLE,,786.00,,786.00
,,,Deposit,,01/08/2026,,,,WATER PAYMENTS,,WATER PAYMENTS,,105 · ACCOUNTS RECEIVABLE,,,,101 · CASH IN BANK - UTILITY,,-786.00,,0.00
,,,Deposit,,01/09/2026,,,,,,Deposit,,101 · CASH IN BANK - UTILITY,,Ö,,105 · ACCOUNTS RECEIVABLE,,475.14,,475.14
,,,Deposit,,01/09/2026,,,,WATER PAYMENTS,,VIA CREDIT CARD,,105 · ACCOUNTS RECEIVABLE,,,,101 · CASH IN BANK - UTILITY,,-475.14,,0.00
,,,Check,,01/12/2026,,12117,,BELLOMY INSURANCE AGENCY,,,,101 · CASH IN BANK - UTILITY,,Ö,,-SPLIT-,,"-4,674.25",,"-4,674.25"
,,,Check,,01/12/2026,,12117,,BELLOMY INSURANCE AGENCY,,,,480 · INSURANCE - PROPERTY/AUTO/LIAB,,,,101 · CASH IN BANK - UTILITY,,"3,674.25",,"-1,000.00"
,,,Check,,01/12/2026,,12117,,BELLOMY INSURANCE AGENCY,,,,480.2 · INSURANCE - TRASH TRUCK AND DUM,,,,101 · CASH IN BANK - UTILITY,,"1,000.00",,0.00
,,,Deposit,,01/12/2026,,,,,,Deposit,,101 · CASH IN BANK - UTILITY,,Ö,,105 · ACCOUNTS RECEIVABLE,,100.00,,100.00
,,,Deposit,,01/12/2026,,,,WATER PAYMENTS,,VIA CREDIT CARD,,105 · ACCOUNTS RECEIVABLE,,,,101 · CASH IN BANK - UTILITY,,-100.00,,0.00
,,,Check,,01/12/2026,,12131,,PETTY CASH,,,,101 · CASH IN BANK - UTILITY,,Ö,,465 · OFFICE SUPPLIES/POSTAGE,,-9.80,,-9.80
,,,Check,,01/12/2026,,12131,,PETTY CASH,,large postage items,,465 · OFFICE SUPPLIES/POSTAGE,,,,101 · CASH IN BANK - UTILITY,,9.80,,0.00
,,,Deposit,,01/12/2026,,,,,,Deposit,,101 · CASH IN BANK - UTILITY,,Ö,,105 · ACCOUNTS RECEIVABLE,,"1,881.00",,"1,881.00"
,,,Deposit,,01/12/2026,,,,WATER PAYMENTS,,WATER PAYMENTS,,105 · ACCOUNTS RECEIVABLE,,,,101 · CASH IN BANK - UTILITY,,"-1,881.00",,0.00
,,,Deposit,,01/12/2026,,,,,,Deposit,,101 · CASH IN BANK - UTILITY,,Ö,,-SPLIT-,,"2,865.00",,"2,865.00"
,,,Deposit,,01/12/2026,,,,WATER PAYMENTS,,WATER PAYMENTS,,105 · ACCOUNTS RECEIVABLE,,,,101 · CASH IN BANK - UTILITY,,"-1,365.00",,"1,500.00"
,,,Deposit,,01/12/2026,,,,DUE TO FROM WSD,,MNG,,223 · DUE TO FROM WSD-GENERAL,,,,101 · CASH IN BANK - UTILITY,,-225.00,,"1,275.00"
,,,Deposit,,01/12/2026,,,,DUE TO FROM WSD,,MNG,,222 · DUE TO/FROM WSD,,,,101 · CASH IN BANK - UTILITY,,-275.00,,"1,000.00"
,,,Deposit,,01/12/2026,,,,DUE TO FROM BCL,,MNG,,270.2 · DUE TO/FROM BROOKSIDE,,,,101 · CASH IN BANK - UTILITY,,"-1,000.00",,0.00
,,,Check,,01/12/2026,,3,,ELEMENT ENGINEERING,,VOID:,,101 · CASH IN BANK - UTILITY,,Ö,,412 · WATER SUPPLIES/REPAIRS,,0.00,,0.00
,,,Check,,01/12/2026,,3,,ELEMENT ENGINEERING,,Water PNA Project,,412 · WATER SUPPLIES/REPAIRS,,Ö,,101 · CASH IN BANK - UTILITY,,0.00,,0.00
,,,Deposit,,01/13/2026,,,,,,Deposit,,101 · CASH IN BANK - UTILITY,,Ö,,105 · ACCOUNTS RECEIVABLE,,"1,535.00",,"1,535.00"
,,,Deposit,,01/13/2026,,,,WATER PAYMENTS,,WATER PAYMENTS,,105 · ACCOUNTS RECEIVABLE,,,,101 · CASH IN BANK - UTILITY,,"-1,535.00",,0.00
,,,Deposit,,01/14/2026,,,,,,Deposit,,101 · CASH IN BANK - UTILITY,,Ö,,-SPLIT-,,"1,250.00",,"1,250.00"
,,,Deposit,,01/14/2026,,,,WATER PAYMENTS,,water payments,,105 · ACCOUNTS RECEIVABLE,,,,101 · CASH IN BANK - UTILITY,,-250.00,,"1,000.00"
,,,Deposit,,01/14/2026,,,,BENT/PROWERS CEMETARY DST.,,2026 lease,,364 · LEASE,,,,101 · CASH IN BANK - UTILITY,,"-1,000.00",,0.00
,,,Check,,01/15/2026,,12132,,COLORADO ANALYTICAL LAB,,,,101 · CASH IN BANK - UTILITY,,Ö,,470 · OUTSIDE SERVICE - LAB FEES,,-24.00,,-24.00
,,,Check,,01/15/2026,,12132,,COLORADO ANALYTICAL LAB,,COLIFORM TESTING,,470 · OUTSIDE SERVICE - LAB FEES,,,,101 · CASH IN BANK - UTILITY,,24.00,,0.00
,,,Deposit,,01/15/2026,,,,,,Deposit,,101 · CASH IN BANK - UTILITY,,Ö,,105 · ACCOUNTS RECEIVABLE,,99.99,,99.99
,,,Deposit,,01/15/2026,,,,WATER PAYMENTS,,VIA CREDIT CARD,,105 · ACCOUNTS RECEIVABLE,,,,101 · CASH IN BANK - UTILITY,,-99.99,,0.00
,,,Deposit,,01/15/2026,,,,,,Deposit,,101 · CASH IN BANK - UTILITY,,Ö,,105 · ACCOUNTS RECEIVABLE,,"1,666.48",,"1,666.48"
,,,Deposit,,01/15/2026,,,,WATER PAYMENTS,,WATER PAYMENTS,,105 · ACCOUNTS RECEIVABLE,,,,101 · CASH IN BANK - UTILITY,,"-1,666.48",,0.00
,,,General Journal,,01/15/2026,,367,,,,returned check-dent,,101 · CASH IN BANK - UTILITY,,Ö,,105 · ACCOUNTS RECEIVABLE,,-50.00,,-50.00
,,,General Journal,,01/15/2026,,367,,BOUNCED CHECK,,returned check-dent,,105 · ACCOUNTS RECEIVABLE,,,,101 · CASH IN BANK - UTILITY,,50.00,,0.00
,,,General Journal,,01/15/2026,,367,,,,ups coliform testing-postage,,101 · CASH IN BANK - UTILITY,,Ö,,465 · OFFICE SUPPLIES/POSTAGE,,-11.96,,-11.96
,,,General Journal,,01/15/2026,,367,,,,ups coliform testing-postage,,465 · OFFICE SUPPLIES/POSTAGE,,,,101 · CASH IN BANK - UTILITY,,11.96,,0.00
,,,Check,,01/16/2026,,12133,,RUPP'S TRUCK AND TRAILER,,,,101 · CASH IN BANK - UTILITY,,Ö,,453 · TRASH SUPPLIES/REPAIRS,,-400.00,,-400.00
,,,Check,,01/16/2026,,12133,,RUPP'S TRUCK AND TRAILER,,TRASH TRUCK REPAIRS,,453 · TRASH SUPPLIES/REPAIRS,,,,101 · CASH IN BANK - UTILITY,,400.00,,0.00
,,,Deposit,,01/16/2026,,,,,,Deposit,,101 · CASH IN BANK - UTILITY,,Ö,,105 · ACCOUNTS RECEIVABLE,,"2,857.15",,"2,857.15"
,,,Deposit,,01/16/2026,,,,WATER PAYMENTS,,WATER PAYMENTS,,105 · ACCOUNTS RECEIVABLE,,,,101 · CASH IN BANK - UTILITY,,"-2,857.15",,0.00
,,,Deposit,,01/20/2026,,,,,,Deposit,,101 · CASH IN BANK - UTILITY,,Ö,,105 · ACCOUNTS RECEIVABLE,,110.00,,110.00
,,,Deposit,,01/20/2026,,,,WATER PAYMENTS,,VIA CREDIT CARD,,105 · ACCOUNTS RECEIVABLE,,,,101 · CASH IN BANK - UTILITY,,-110.00,,0.00
,,,Deposit,,01/20/2026,,,,,,Deposit,,101 · CASH IN BANK - UTILITY,,Ö,,105 · ACCOUNTS RECEIVABLE,,322.11,,322.11
,,,Deposit,,01/20/2026,,,,WATER PAYMENTS,,VIA CREDIT CARD,,105 · ACCOUNTS RECEIVABLE,,,,101 · CASH IN BANK - UTILITY,,-322.11,,0.00
,,,Deposit,,01/20/2026,,,,,,Deposit,,101 · CASH IN BANK - UTILITY,,Ö,,105 · ACCOUNTS RECEIVABLE,,"2,630.65",,"2,630.65"
,,,Deposit,,01/20/2026,,,,WATER PAYMENTS,,WATER PAYMENTS,,105 · ACCOUNTS RECEIVABLE,,,,101 · CASH IN BANK - UTILITY,,"-2,630.65",,0.00
,,,Deposit,,01/20/2026,,,,,,Deposit,,101 · CASH IN BANK - UTILITY,,Ö,,105 · ACCOUNTS RECEIVABLE,,696.00,,696.00
,,,Deposit,,01/20/2026,,,,WATER PAYMENTS,,WATER PAYMENTS,,105 · ACCOUNTS RECEIVABLE,,,,101 · CASH IN BANK - UTILITY,,-696.00,,0.00
,,,Deposit,,01/21/2026,,,,,,Deposit,,101 · CASH IN BANK - UTILITY,,Ö,,105 · ACCOUNTS RECEIVABLE,,"1,851.60",,"1,851.60"
,,,Deposit,,01/21/2026,,,,WATER PAYMENTS,,WATER PAYMENTS,,105 · ACCOUNTS RECEIVABLE,,,,101 · CASH IN BANK - UTILITY,,"-1,851.60",,0.00
,,,Deposit,,01/22/2026,,,,,,Deposit,,101 · CASH IN BANK - UTILITY,,Ö,,105 · ACCOUNTS RECEIVABLE,,600.00,,600.00
,,,Deposit,,01/22/2026,,,,WATER PAYMENTS,,VIA CREDIT CARD,,105 · ACCOUNTS RECEIVABLE,,,,101 · CASH IN BANK - UTILITY,,-600.00,,0.00
,,,Deposit,,01/22/2026,,,,,,Deposit,,101 · CASH IN BANK - UTILITY,,Ö,,105 · ACCOUNTS RECEIVABLE,,392.00,,392.00
,,,Deposit,,01/22/2026,,,,WATER PAYMENTS,,WATER PAYMENTS,,105 · ACCOUNTS RECEIVABLE,,,,101 · CASH IN BANK - UTILITY,,-392.00,,0.00
,,,Deposit,,01/23/2026,,,,,,Deposit,,101 · CASH IN BANK - UTILITY,,Ö,,105 · ACCOUNTS RECEIVABLE,,666.50,,666.50
,,,Deposit,,01/23/2026,,,,WATER PAYMENTS,,WATER PAYMENTS,,105 · ACCOUNTS RECEIVABLE,,,,101 · CASH IN BANK - UTILITY,,-666.50,,0.00
,,,Deposit,,01/26/2026,,,,,,Deposit,,101 · CASH IN BANK - UTILITY,,Ö,,105 · ACCOUNTS RECEIVABLE,,615.00,,615.00
,,,Deposit,,01/26/2026,,,,WATER PAYMENTS,,WATER PAYMENTS,,105 · ACCOUNTS RECEIVABLE,,,,101 · CASH IN BANK - UTILITY,,-615.00,,0.00
,,,Check,,01/27/2026,,12137,,VALLEY PIPELINE,,,,101 · CASH IN BANK - UTILITY,,Ö,,412 · WATER SUPPLIES/REPAIRS,,"-1,902.00",,"-1,902.00"
,,,Check,,01/27/2026,,12137,,VALLEY PIPELINE,,SLUDGE REMOVAL FROM PARK HOLDING TANK,,412 · WATER SUPPLIES/REPAIRS,,,,101 · CASH IN BANK - UTILITY,,"1,902.00",,0.00
,,,Deposit,,01/27/2026,,,,,,Deposit,,101 · CASH IN BANK - UTILITY,,Ö,,105 · ACCOUNTS RECEIVABLE,,214.99,,214.99
,,,Deposit,,01/27/2026,,,,WATER PAYMENTS,,VIA CREDIT CARD,,105 · ACCOUNTS RECEIVABLE,,,,101 · CASH IN BANK - UTILITY,,-214.99,,0.00
,,,Deposit,,01/28/2026,,,,,,Deposit,,101 · CASH IN BANK - UTILITY,,Ö,,105 · ACCOUNTS RECEIVABLE,,110.00,,110.00
,,,Deposit,,01/28/2026,,,,WATER PAYMENTS,,VIA CREDIT CARD,,105 · ACCOUNTS RECEIVABLE,,,,101 · CASH IN BANK - UTILITY,,-110.00,,0.00
,,,Deposit,,01/29/2026,,,,,,Deposit,,101 · CASH IN BANK - UTILITY,,Ö,,105 · ACCOUNTS RECEIVABLE,,654.97,,654.97
,,,Deposit,,01/29/2026,,,,WATER PAYMENTS,,VIA CREDIT CARD,,105 · ACCOUNTS RECEIVABLE,,,,101 · CASH IN BANK - UTILITY,,-654.97,,0.00
,,,General Journal,,01/30/2026,,311,,,,RICK JONES PAYROLL,,460.12 · ADMIN-WATER PT SALARIES,,,,-SPLIT-,,"1,055.00",,"1,055.00"
,,,General Journal,,01/30/2026,,311,,,,RICK JONES PAYROLL,,483 · PAYROLL TAXES - FICA,,,,460.12 · ADMIN-WATER PT SALARIES,,80.71,,"1,135.71"
,,,General Journal,,01/30/2026,,311,,,,RICK JONES PAYROLL,,270 · DUE TO/FROM GENERAL FUND,,,,460.12 · ADMIN-WATER PT SALARIES,,"-1,135.71",,0.00
,,,General Journal,,01/30/2026,,311,,,,BILL GALLEGOS PAYROLL,,460.12 · ADMIN-WATER PT SALARIES,,,,-SPLIT-,,292.00,,292.00
,,,General Journal,,01/30/2026,,311,,,,BILL GALLEGOS PAYROLL,,483 · PAYROLL TAXES - FICA,,,,460.12 · ADMIN-WATER PT SALARIES,,22.34,,314.34
,,,General Journal,,01/30/2026,,311,,,,BILL GALLEGOS PAYROLL,,270 · DUE TO/FROM GENERAL FUND,,,,460.12 · ADMIN-WATER PT SALARIES,,-314.34,,0.00
,,,General Journal,,01/30/2026,,311,,,,RICK REIFSCHNEIDER,,460.12 · ADMIN-WATER PT SALARIES,,,,-SPLIT-,,375.38,,375.38
,,,General Journal,,01/30/2026,,311,,,,RICK REIFSCHNEIDER,,483 · PAYROLL TAXES - FICA,,,,460.12 · ADMIN-WATER PT SALARIES,,28.72,,404.10
,,,General Journal,,01/30/2026,,311,,,,RICK REIFSCHNEIDER,,270 · DUE TO/FROM GENERAL FUND,,,,460.12 · ADMIN-WATER PT SALARIES,,-404.10,,0.00
,,,General Journal,,01/30/2026,,364,,,,DEBBIE DILLON PAYROLL,,460.1 · ADMIN-CLERK SALARIES,,,,-SPLIT-,,"1,168.69",,"1,168.69"
,,,General Journal,,01/30/2026,,364,,,,DEBBIE DILLON PAYROLL,,483 · PAYROLL TAXES - FICA,,,,460.1 · ADMIN-CLERK SALARIES,,89.40,,"1,258.09"
,,,General Journal,,01/30/2026,,364,,,,DEBBIE DILLON PAYROLL,,270 · DUE TO/FROM GENERAL FUND,,,,460.1 · ADMIN-CLERK SALARIES,,"-1,258.09",,0.00
,,,General Journal,,01/30/2026,,311,,,,SCOTT WITTMAN,,460 · SUPT SALARIES,,,,-SPLIT-,,"1,164.85",,"1,164.85"
,,,General Journal,,01/30/2026,,311,,,,SCOTT WITTMAN,,483 · PAYROLL TAXES - FICA,,,,460 · SUPT SALARIES,,89.11,,"1,253.96"
,,,General Journal,,01/30/2026,,311,,,,SCOTT WITTMAN,,270 · DUE TO/FROM GENERAL FUND,,,,460 · SUPT SALARIES,,"-1,253.96",,0.00
,,,General Journal,,01/30/2026,,364,,,,WSD COLLECTION FEE,,222 · DUE TO/FROM WSD,,,,-SPLIT-,,275.00,,275.00
,,,General Journal,,01/30/2026,,364,,,,WSD COLLECTION FEE,,310 · WSD COLLECTIN FEE,,,,222 · DUE TO/FROM WSD,,-500.00,,-225.00
,,,General Journal,,01/30/2026,,364,,,,BROOKSIDE MANAGEMENT FEE,,366 · BCL MANAGEMENT FEE,,,,222 · DUE TO/FROM WSD,,"-1,000.00",,"-1,225.00"
,,,General Journal,,01/30/2026,,364,,,,WSD COLLECTION FEE,,270.2 · DUE TO/FROM BROOKSIDE,,,,222 · DUE TO/FROM WSD,,"1,000.00",,-225.00
,,,General Journal,,01/30/2026,,364,,,,WSD COLLECTION FEE,,223 · DUE TO FROM WSD-GENERAL,,,,222 · DUE TO/FROM WSD,,225.00,,0.00
,,,Deposit,,01/30/2026,,,,,,Deposit,,101 · CASH IN BANK - UTILITY,,Ö,,105 · ACCOUNTS RECEIVABLE,,900.00,,900.00
,,,Deposit,,01/30/2026,,,,WATER PAYMENTS,,WATER PAYMENTS,,105 · ACCOUNTS RECEIVABLE,,,,101 · CASH IN BANK - UTILITY,,-900.00,,0.00
,,,General Journal,,01/30/2026,,373,,BILLING REGISTER,,BILLING REGISTRY,,105 · ACCOUNTS RECEIVABLE,,,,-SPLIT-,,"26,426.05",,"26,426.05"
,,,General Journal,,01/30/2026,,373,,BILLING REGISTER,,BILLING REGISTRY,,222 · DUE TO/FROM WSD,,,,105 · ACCOUNTS RECEIVABLE,,"-7,887.00",,"18,539.05"
,,,General Journal,,01/30/2026,,373,,BILLING REGISTER,,BILLING REGISTRY,,348 · TRASH SALES,,,,105 · ACCOUNTS RECEIVABLE,,"-8,969.00",,"9,570.05"
,,,General Journal,,01/30/2026,,373,,BILLING REGISTER,,LAND LEASE,,270 · DUE TO/FROM GENERAL FUND,,,,105 · ACCOUNTS RECEIVABLE,,-50.00,,"9,520.05"
,,,General Journal,,01/30/2026,,373,,BILLING REGISTER,,BILLING REGISTRY,,301 · WATER SALES,,,,105 · ACCOUNTS RECEIVABLE,,"-8,960.40",,559.65
,,,General Journal,,01/30/2026,,373,,BILLING REGISTER,,BILLING REGISTRY,,315 · PENALTY CHARGE,,,,105 · ACCOUNTS RECEIVABLE,,-245.65,,314.00
,,,General Journal,,01/30/2026,,373,,BILLING REGISTER,,PET FEE,,270 · DUE TO/FROM GENERAL FUND,,,,105 · ACCOUNTS RECEIVABLE,,-314.00,,0.00
,,,Deposit,,01/31/2026,,,,,,Interest,,101 · CASH IN BANK - UTILITY,,Ö,,317 · INTEREST (INCOME),,8.46,,8.46
,,,Deposit,,01/31/2026,,,,,,Interest,,317 · INTEREST (INCOME),,,,101 · CASH IN BANK - UTILITY,,-8.46,,0.00
,,,Check,,02/02/2026,,12138,,SOUTHEASTERN COLO. WATER ACTIVITY ENT.,,,,101 · CASH IN BANK - UTILITY,,Ö,,416 · DUES & SUBSCRIPTIONS,,-847.82,,-847.82
,,,Check,,02/02/2026,,12138,,SOUTHEASTERN COLO. WATER ACTIVITY ENT.,,,,416 · DUES & SUBSCRIPTIONS,,,,101 · CASH IN BANK - UTILITY,,847.82,,0.00
,,,Check,,02/02/2026,,12139,,SOUTHEAST MACHINERY CO,,,,101 · CASH IN BANK - UTILITY,,Ö,,412 · WATER SUPPLIES/REPAIRS,,-10.65,,-10.65
,,,Check,,02/02/2026,,12139,,SOUTHEAST MACHINERY CO,,DISCHARGE HOSE AND CLAMPS,,412 · WATER SUPPLIES/REPAIRS,,,,101 · CASH IN BANK - UTILITY,,10.65,,0.00
,,,Check,,02/02/2026,,12140,,AMERICAN TRANS $ EQUIPMENT,,,,101 · CASH IN BANK - UTILITY,,Ö,,453 · TRASH SUPPLIES/REPAIRS,,-962.34,,-962.34
,,,Check,,02/02/2026,,12140,,AMERICAN TRANS $ EQUIPMENT,,JOY STICK,,453 · TRASH SUPPLIES/REPAIRS,,,,101 · CASH IN BANK - UTILITY,,962.34,,0.00
,,,Check,,02/02/2026,,12141,,WILEY SANITATION DISTRICT,,,,101 · CASH IN BANK - UTILITY,,Ö,,222 · DUE TO/FROM WSD,,"-7,887.00",,"-7,887.00"
,,,Check,,02/02/2026,,12141,,WILEY SANITATION DISTRICT,,SEWAGE SALES,,222 · DUE TO/FROM WSD,,,,101 · CASH IN BANK - UTILITY,,"7,887.00",,0.00
,,,Check,,02/02/2026,,12142,,TOWN OF WILEY - GENERAL,,,,101 · CASH IN BANK - UTILITY,,Ö,,-SPLIT-,,-314.00,,-314.00
,,,Check,,02/02/2026,,12142,,TOWN OF WILEY - GENERAL,,payroll,,270 · DUE TO/FROM GENERAL FUND,,,,101 · CASH IN BANK - UTILITY,,,,-314.00
,,,Check,,02/02/2026,,12142,,TOWN OF WILEY - GENERAL,,land,,270 · DUE TO/FROM GENERAL FUND,,,,101 · CASH IN BANK - UTILITY,,,,-314.00
,,,Check,,02/02/2026,,12142,,TOWN OF WILEY - GENERAL,,health,,491 · EMPLOYEE BENEFIT,,,,101 · CASH IN BANK - UTILITY,,,,-314.00
,,,Check,,02/02/2026,,12142,,TOWN OF WILEY - GENERAL,,PET FEE,,270 · DUE TO/FROM GENERAL FUND,,,,101 · CASH IN BANK - UTILITY,,314.00,,0.00
,,,Check,,02/02/2026,,12143,,PUEBLO CITY/COUNTY HEALTH,,,,101 · CASH IN BANK - UTILITY,,Ö,,470 · OUTSIDE SERVICE - LAB FEES,,-25.00,,-25.00
,,,Check,,02/02/2026,,12143,,PUEBLO CITY/COUNTY HEALTH,,COLIFORM TESTING,,470 · OUTSIDE SERVICE - LAB FEES,,,,101 · CASH IN BANK - UTILITY,,25.00,,0.00
,,,Deposit,,02/02/2026,,,,,,Deposit,,101 · CASH IN BANK - UTILITY,,Ö,,105 · ACCOUNTS RECEIVABLE,,951.00,,951.00
,,,Deposit,,02/02/2026,,,,WATER PAYMENTS,,WATER PAYMENTS,,105 · ACCOUNTS RECEIVABLE,,,,101 · CASH IN BANK - UTILITY,,-951.00,,0.00
,,,Check,,02/02/2026,,12144,,WALLACE GAS AND OIL,,,,101 · CASH IN BANK - UTILITY,,Ö,,419.4- FUEL EXPENSE,,-701.46,,-701.46
,,,Check,,02/02/2026,,12144,,WALLACE GAS AND OIL,,TRASH TRUCK FUEL,,419.4- FUEL EXPENSE,,,,101 · CASH IN BANK - UTILITY,,701.46,,0.00
,,,Check,,02/02/2026,,12145,,UNCC,,,,101 · CASH IN BANK - UTILITY,,Ö,,470 · OUTSIDE SERVICE - LAB FEES,,-70.00,,-70.00
,,,Check,,02/02/2026,,12145,,UNCC,,RTL TRANSMISSIONS,,470 · OUTSIDE SERVICE - LAB FEES,,,,101 · CASH IN BANK - UTILITY,,70.00,,0.00
,,,Check,,02/02/2026,,12146,,LAMAR AUTO PARTS,,,,101 · CASH IN BANK - UTILITY,,Ö,,453 · TRASH SUPPLIES/REPAIRS,,-97.42,,-97.42
,,,Check,,02/02/2026,,12146,,LAMAR AUTO PARTS,,TRASH TRUCK REPAIR SUPPLIES,,453 · TRASH SUPPLIES/REPAIRS,,,,101 · CASH IN BANK - UTILITY,,97.42,,0.00
,,,Check,,02/02/2026,,12147,,CITY OF LAMAR,,,,101 · CASH IN BANK - UTILITY,,Ö,,-SPLIT-,,"-2,125.15",,"-2,125.15"
,,,Check,,02/02/2026,,12147,,CITY OF LAMAR,,977-304 MAIN,,411 · PUMPING EXPENSE,,,,101 · CASH IN BANK - UTILITY,,,,"-2,125.15"
,,,Check,,02/02/2026,,12147,,CITY OF LAMAR,,978-304 MAIN ST PUMP,,411 · PUMPING EXPENSE,,,,101 · CASH IN BANK - UTILITY,,,,"-2,125.15"
,,,Check,,02/02/2026,,12147,,CITY OF LAMAR,, LANDFILL CHARGES,,454 · TRASH DISPOSAL-TRASH SERVICE,,,,101 · CASH IN BANK - UTILITY,,"2,125.15",,0.00
,,,Check,,02/02/2026,,12148,,TRACTOR SUPPLY,,,,101 · CASH IN BANK - UTILITY,,Ö,,-SPLIT-,,-249.53,,-249.53
,,,Check,,02/02/2026,,12148,,TRACTOR SUPPLY,,SHOP SUPPLIES,,412 · WATER SUPPLIES/REPAIRS,,,,101 · CASH IN BANK - UTILITY,,,,-249.53
,,,Check,,02/02/2026,,12148,,TRACTOR SUPPLY,,HYDRAULIC FLUID,,453 · TRASH SUPPLIES/REPAIRS,,,,101 · CASH IN BANK - UTILITY,,249.53,,0.00
,,,Deposit,,02/03/2026,,,,,,Deposit,,101 · CASH IN BANK - UTILITY,,Ö,,105 · ACCOUNTS RECEIVABLE,,100.00,,100.00
,,,Deposit,,02/03/2026,,,,WATER PAYMENTS,,VIA CREDIT CARD,,105 · ACCOUNTS RECEIVABLE,,,,101 · CASH IN BANK - UTILITY,,-100.00,,0.00
,,,Deposit,,02/03/2026,,,,,,Deposit,,101 · CASH IN BANK - UTILITY,,Ö,,-SPLIT-,,"3,634.00",,"3,634.00"
,,,Deposit,,02/03/2026,,,,WATER PAYMENTS,,WATER PAYMENTS,,105 · ACCOUNTS RECEIVABLE,,,,101 · CASH IN BANK - UTILITY,,"-2,134.00",,"1,500.00"
,,,Deposit,,02/03/2026,,,,DUE TO FROM WSD,,MNG,,223 · DUE TO FROM WSD-GENERAL,,,,101 · CASH IN BANK - UTILITY,,-225.00,,"1,275.00"
,,,Deposit,,02/03/2026,,,,DUE TO FROM WSD,,MNG,,222 · DUE TO/FROM WSD,,,,101 · CASH IN BANK - UTILITY,,-275.00,,"1,000.00"
,,,Deposit,,02/03/2026,,,,DUE TO FROM BCL,,MNG,,270.2 · DUE TO/FROM BROOKSIDE,,,,101 · CASH IN BANK - UTILITY,,"-1,000.00",,0.00
,,,Check,,02/04/2026,,12149,,PETTY CASH,,,,101 · CASH IN BANK - UTILITY,,Ö,,465 · OFFICE SUPPLIES/POSTAGE,,-20.00,,-20.00
,,,Check,,02/04/2026,,12149,,PETTY CASH,,trash truck car wash,,465 · OFFICE SUPPLIES/POSTAGE,,,,101 · CASH IN BANK - UTILITY,,20.00,,0.00
,,,General Journal,,02/04/2026,,367,,,,SECPA ACT 133501,,101 · CASH IN BANK - UTILITY,,Ö,,411 · PUMPING EXPENSE,,-145.95,,-145.95
,,,General Journal,,02/04/2026,,367,,,,SECPA ACT 133501,,411 · PUMPING EXPENSE,,,,101 · CASH IN BANK - UTILITY,,145.95,,0.00
,,,General Journal,,02/04/2026,,367,,,,SECPA ACT 133401,,101 · CASH IN BANK - UTILITY,,Ö,,411 · PUMPING EXPENSE,,-417.35,,-417.35
,,,General Journal,,02/04/2026,,367,,,,SECPA ACT 133401,,411 · PUMPING EXPENSE,,,,101 · CASH IN BANK - UTILITY,,417.35,,0.00
,,,Check,,02/04/2026,,12150,,CITY OF LAMAR,,,,101 · CASH IN BANK - UTILITY,,Ö,,-SPLIT-,,-346.01,,-346.01
,,,Check,,02/04/2026,,12150,,CITY OF LAMAR,,33-000205-00 304 MAIN ST,,411 · PUMPING EXPENSE,,,,101 · CASH IN BANK - UTILITY,,309.01,,-37.00
,,,Check,,02/04/2026,,12150,,CITY OF LAMAR,,33-000206-00 304 MAIN PUMP,,411 · PUMPING EXPENSE,,,,101 · CASH IN BANK - UTILITY,,37.00,,0.00
,,,Check,,02/04/2026,,12150,,CITY OF LAMAR,, LANDFILL CHARGES,,454 · TRASH DISPOSAL-TRASH SERVICE,,,,101 · CASH IN BANK - UTILITY,,,,0.00
,,,Deposit,,02/04/2026,,,,,,Deposit,,101 · CASH IN BANK - UTILITY,,Ö,,105 · ACCOUNTS RECEIVABLE,,375.00,,375.00
,,,Deposit,,02/04/2026,,,,WATER PAYMENTS,,WATER PAYMENTS,,105 · ACCOUNTS RECEIVABLE,,,,101 · CASH IN BANK - UTILITY,,-375.00,,0.00
,,,Check,,02/04/2026,,12151,,MAY VALLEY WATER ASSOCIATION,,,,101 · CASH IN BANK - UTILITY,,Ö,,-SPLIT-,,-938.66,,-938.66
,,,Check,,02/04/2026,,12151,,MAY VALLEY WATER ASSOCIATION,,chlorine,,430 · WATER TREATMENT,,,,101 · CASH IN BANK - UTILITY,,911.32,,-27.34
,,,Check,,02/04/2026,,12151,,MAY VALLEY WATER ASSOCIATION,,POSTAGE FOR TESTING AND HOT SPOT CHARGES,,465 · OFFICE SUPPLIES/POSTAGE,,,,101 · CASH IN BANK - UTILITY,,27.34,,0.00
,,,Deposit,,02/05/2026,,,,,,Deposit,,101 · CASH IN BANK - UTILITY,,Ö,,105 · ACCOUNTS RECEIVABLE,,465.00,,465.00
,,,Deposit,,02/05/2026,,,,WATER PAYMENTS,,VIA CREDIT CARD,,105 · ACCOUNTS RECEIVABLE,,,,101 · CASH IN BANK - UTILITY,,-465.00,,0.00
,,,Deposit,,02/05/2026,,,,,,Deposit,,101 · CASH IN BANK - UTILITY,,Ö,,105 · ACCOUNTS RECEIVABLE,,"1,348.00",,"1,348.00"
,,,Deposit,,02/05/2026,,,,WATER PAYMENTS,,WATER PAYMENTS,,105 · ACCOUNTS RECEIVABLE,,,,101 · CASH IN BANK - UTILITY,,"-1,348.00",,0.00
,,,Deposit,,02/06/2026,,,,,,Deposit,,101 · CASH IN BANK - UTILITY,,Ö,,105 · ACCOUNTS RECEIVABLE,,"3,209.00",,"3,209.00"
,,,Deposit,,02/06/2026,,,,WATER PAYMENTS,,WATER PAYMENTS,,105 · ACCOUNTS RECEIVABLE,,,,101 · CASH IN BANK - UTILITY,,"-3,209.00",,0.00
,,,Check,,02/06/2026,,12152,,COUNTY LINE,,,,101 · CASH IN BANK - UTILITY,,Ö,,419.4- FUEL EXPENSE,,-184.25,,-184.25
,,,Check,,02/06/2026,,12152,,COUNTY LINE,,FUEL,,419.4- FUEL EXPENSE,,,,101 · CASH IN BANK - UTILITY,,184.25,,0.00
,,,Check,,02/09/2026,,12134,,TOWN OF WILEY - GENERAL,,VOID:,,101 · CASH IN BANK - UTILITY,,Ö,,-SPLIT-,,0.00,,0.00
,,,Check,,02/09/2026,,12134,,TOWN OF WILEY - GENERAL,,payroll,,270 · DUE TO/FROM GENERAL FUND,,Ö,,101 · CASH IN BANK - UTILITY,,0.00,,0.00
,,,Check,,02/09/2026,,12134,,TOWN OF WILEY - GENERAL,,land,,270 · DUE TO/FROM GENERAL FUND,,Ö,,101 · CASH IN BANK - UTILITY,,0.00,,0.00
,,,Check,,02/09/2026,,12134,,TOWN OF WILEY - GENERAL,,health,,491 · EMPLOYEE BENEFIT,,Ö,,101 · CASH IN BANK - UTILITY,,0.00,,0.00
,,,Check,,02/09/2026,,12135,,POST MASTER,,2 BOOKS 2 ROLLS,,101 · CASH IN BANK - UTILITY,,Ö,,465 · OFFICE SUPPLIES/POSTAGE,,-187.20,,-187.20
,,,Check,,02/09/2026,,12135,,POST MASTER,,2 BOOKS 2 ROLLS,,465 · OFFICE SUPPLIES/POSTAGE,,,,101 · CASH IN BANK - UTILITY,,187.20,,0.00
,,,Check,,02/09/2026,,12136,,TOWN OF WILEY - GENERAL,,,,101 · CASH IN BANK - UTILITY,,Ö,,-SPLIT-,,"-4,859.00",,"-4,859.00"
,,,Check,,02/09/2026,,12136,,TOWN OF WILEY - GENERAL,,payroll,,270 · DUE TO/FROM GENERAL FUND,,,,101 · CASH IN BANK - UTILITY,,"4,055.91",,-803.09
,,,Check,,02/09/2026,,12136,,TOWN OF WILEY - GENERAL,,land,,270 · DUE TO/FROM GENERAL FUND,,,,101 · CASH IN BANK - UTILITY,,50.00,,-753.09
,,,Check,,02/09/2026,,12136,,TOWN OF WILEY - GENERAL,,health,,491 · EMPLOYEE BENEFIT,,,,101 · CASH IN BANK - UTILITY,,753.09,,0.00
,,,Deposit,,02/09/2026,,,,,,Deposit,,101 · CASH IN BANK - UTILITY,,Ö,,105 · ACCOUNTS RECEIVABLE,,390.00,,390.00
,,,Deposit,,02/09/2026,,,,WATER PAYMENTS,,VIA CREDIT CARD,,105 · ACCOUNTS RECEIVABLE,,,,101 · CASH IN BANK - UTILITY,,-390.00,,0.00
,,,Deposit,,02/09/2026,,,,,,Deposit,,101 · CASH IN BANK - UTILITY,,Ö,,105 · ACCOUNTS RECEIVABLE,,99.99,,99.99
,,,Deposit,,02/09/2026,,,,WATER PAYMENTS,,VIA CREDIT CARD,,105 · ACCOUNTS RECEIVABLE,,,,101 · CASH IN BANK - UTILITY,,-99.99,,0.00
,,,Deposit,,02/09/2026,,,,,,Deposit,,101 · CASH IN BANK - UTILITY,,Ö,,105 · ACCOUNTS RECEIVABLE,,"1,743.00",,"1,743.00"
,,,Deposit,,02/09/2026,,,,WATER PAYMENTS,,water payment,,105 · ACCOUNTS RECEIVABLE,,,,101 · CASH IN BANK - UTILITY,,"-1,743.00",,0.00
,,,Check,,02/09/2026,,0,,ELEMENT ENGINEERING,,VOID:,,101 · CASH IN BANK - UTILITY,,Ö,,412 · WATER SUPPLIES/REPAIRS,,0.00,,0.00
,,,Check,,02/09/2026,,0,,ELEMENT ENGINEERING,,Water PNA Project,,412 · WATER SUPPLIES/REPAIRS,,Ö,,101 · CASH IN BANK - UTILITY,,0.00,,0.00
,,,Check,,02/09/2026,,12165,,ELEMENT ENGINEERING,,,,101 · CASH IN BANK - UTILITY,,,,488 · PNA-ELEMENT EXPENSES,,"-8,800.00",,"-8,800.00"
,,,Check,,02/09/2026,,12165,,ELEMENT ENGINEERING,,pna project,,488 · PNA-ELEMENT EXPENSES,,,,101 · CASH IN BANK - UTILITY,,"8,800.00",,0.00
,,,Check,,02/10/2026,,12153,,MISSION COMMUNICATIONS,,,,101 · CASH IN BANK - UTILITY,,Ö,,416 · DUES & SUBSCRIPTIONS,,"-1,690.20",,"-1,690.20"
,,,Check,,02/10/2026,,12153,,MISSION COMMUNICATIONS,,ANNUAL SERVICE FEE FOR SCADA SYSTEM,,416 · DUES & SUBSCRIPTIONS,,,,101 · CASH IN BANK - UTILITY,,"1,690.20",,0.00
,,,Deposit,,02/10/2026,,,,,,Deposit,,101 · CASH IN BANK - UTILITY,,Ö,,-SPLIT-,,800.00,,800.00
,,,Deposit,,02/10/2026,,,,WATER PAYMENTS,,WATER PAYMENTS,,105 · ACCOUNTS RECEIVABLE,,,,101 · CASH IN BANK - UTILITY,,-725.00,,75.00
,,,Deposit,,02/10/2026,,,,WATER DEPOSIT,,KELVIN SALGADO 111 WELTON,,241 · METER DEPOSITS,,,,101 · CASH IN BANK - UTILITY,,-75.00,,0.00
,,,Deposit,,02/11/2026,,,,,,Deposit,,101 · CASH IN BANK - UTILITY,,Ö,,105 · ACCOUNTS RECEIVABLE,,139.36,,139.36
,,,Deposit,,02/11/2026,,,,WATER PAYMENTS,,VIA CREDIT CARD,,105 · ACCOUNTS RECEIVABLE,,,,101 · CASH IN BANK - UTILITY,,-139.36,,0.00
,,,Deposit,,02/11/2026,,,,,,Deposit,,101 · CASH IN BANK - UTILITY,,Ö,,105 · ACCOUNTS RECEIVABLE,,"1,075.00",,"1,075.00"
,,,Deposit,,02/11/2026,,,,WATER PAYMENTS,,WATER PAYMENTS,,105 · ACCOUNTS RECEIVABLE,,,,101 · CASH IN BANK - UTILITY,,"-1,075.00",,0.00
,,,Deposit,,02/12/2026,,,,,,Deposit,,101 · CASH IN BANK - UTILITY,,Ö,,105 · ACCOUNTS RECEIVABLE,,100.00,,100.00
,,,Deposit,,02/12/2026,,,,WATER PAYMENTS,,VIA CREDIT CARD,,105 · ACCOUNTS RECEIVABLE,,,,101 · CASH IN BANK - UTILITY,,-100.00,,0.00
,,,Deposit,,02/12/2026,,,,,,Deposit,,101 · CASH IN BANK - UTILITY,,Ö,,105 · ACCOUNTS RECEIVABLE,,670.00,,670.00
,,,Deposit,,02/12/2026,,,,WATER PAYMENTS,,WATER PAYMENTS,,105 · ACCOUNTS RECEIVABLE,,,,101 · CASH IN BANK - UTILITY,,-670.00,,0.00
,,,General Journal,,02/12/2026,,367,,,,TR TO GEN DELUXE DEPOSIT SLIP ORDER,,101 · CASH IN BANK - UTILITY,,Ö,,465 · OFFICE SUPPLIES/POSTAGE,,-82.18,,-82.18
,,,General Journal,,02/12/2026,,367,,,,TR TO GEN DELUXE DEPOSIT SLIP ORDER,,465 · OFFICE SUPPLIES/POSTAGE,,,,101 · CASH IN BANK - UTILITY,,82.18,,0.00
,,,Deposit,,02/13/2026,,,,,,Deposit,,101 · CASH IN BANK - UTILITY,,Ö,,105 · ACCOUNTS RECEIVABLE,,"1,375.00",,"1,375.00"
,,,Deposit,,02/13/2026,,,,WATER PAYMENTS,,WATER PAYMENTS,,105 · ACCOUNTS RECEIVABLE,,,,101 · CASH IN BANK - UTILITY,,"-1,375.00",,0.00
,,,Deposit,,02/13/2026,,,,,,Deposit,,101 · CASH IN BANK - UTILITY,,Ö,,-SPLIT-,,435.00,,435.00
,,,Deposit,,02/13/2026,,,,WATER DEPOSIT,,ALAYNA BARNES 208 2ND ST,,241 · METER DEPOSITS,,,,101 · CASH IN BANK - UTILITY,,-75.00,,360.00
,,,Deposit,,02/13/2026,,,,WATER PAYMENTS,,WATER PAYMENTS,,105 · ACCOUNTS RECEIVABLE,,,,101 · CASH IN BANK - UTILITY,,-360.00,,0.00
,,,Deposit,,02/17/2026,,,,,,Deposit,,101 · CASH IN BANK - UTILITY,,Ö,,105 · ACCOUNTS RECEIVABLE,,120.00,,120.00
,,,Deposit,,02/17/2026,,,,WATER PAYMENTS,,VIA CREDIT CARD,,105 · ACCOUNTS RECEIVABLE,,,,101 · CASH IN BANK - UTILITY,,-120.00,,0.00
,,,Check,,02/17/2026,,12154,,719 METAL WORKS LLC,,,,101 · CASH IN BANK - UTILITY,,Ö,,453 · TRASH SUPPLIES/REPAIRS,,-688.90,,-688.90
,,,Check,,02/17/2026,,12154,,719 METAL WORKS LLC,,TRASH TRUCK CYLINDER REPAIRS,,453 · TRASH SUPPLIES/REPAIRS,,,,101 · CASH IN BANK - UTILITY,,688.90,,0.00
,,,Deposit,,02/17/2026,,,,,,Deposit,,101 · CASH IN BANK - UTILITY,,Ö,,105 · ACCOUNTS RECEIVABLE,,"1,140.00",,"1,140.00"
,,,Deposit,,02/17/2026,,,,WATER PAYMENTS,,WATER PAYMENTS,,105 · ACCOUNTS RECEIVABLE,,,,101 · CASH IN BANK - UTILITY,,"-1,140.00",,0.00
,,,Deposit,,02/18/2026,,,,,,Deposit,,101 · CASH IN BANK - UTILITY,,Ö,,105 · ACCOUNTS RECEIVABLE,,603.32,,603.32
,,,Deposit,,02/18/2026,,,,WATER PAYMENTS,,WATER PAYMENTS,,105 · ACCOUNTS RECEIVABLE,,,,101 · CASH IN BANK - UTILITY,,-603.32,,0.00
,,,Deposit,,02/19/2026,,,,,,Deposit,,101 · CASH IN BANK - UTILITY,,Ö,,105 · ACCOUNTS RECEIVABLE,,199.99,,199.99
,,,Deposit,,02/19/2026,,,,WATER PAYMENTS,,VIA CREDIT CARD,,105 · ACCOUNTS RECEIVABLE,,,,101 · CASH IN BANK - UTILITY,,-199.99,,0.00
,,,Deposit,,02/19/2026,,,,,,Deposit,,101 · CASH IN BANK - UTILITY,,Ö,,105 · ACCOUNTS RECEIVABLE,,"1,155.00",,"1,155.00"
,,,Deposit,,02/19/2026,,,,WATER PAYMENTS,,WATER PAYMENTS,,105 · ACCOUNTS RECEIVABLE,,,,101 · CASH IN BANK - UTILITY,,"-1,155.00",,0.00
,,,Deposit,,02/20/2026,,,,,,Deposit,,101 · CASH IN BANK - UTILITY,,Ö,,105 · ACCOUNTS RECEIVABLE,,200.00,,200.00
,,,Deposit,,02/20/2026,,,,WATER PAYMENTS,,VIA CREDIT CARD,,105 · ACCOUNTS RECEIVABLE,,,,101 · CASH IN BANK - UTILITY,,-200.00,,0.00
,,,Deposit,,02/20/2026,,,,,,Deposit,,101 · CASH IN BANK - UTILITY,,Ö,,105 · ACCOUNTS RECEIVABLE,,862.00,,862.00
,,,Deposit,,02/20/2026,,,,WATER PAYMENTS,,WATER PAYMENTS,,105 · ACCOUNTS RECEIVABLE,,,,101 · CASH IN BANK - UTILITY,,-862.00,,0.00
,,,Deposit,,02/20/2026,,,,,,Deposit,,101 · CASH IN BANK - UTILITY,,Ö,,105 · ACCOUNTS RECEIVABLE,,115.00,,115.00
,,,Deposit,,02/20/2026,,,,WATER PAYMENTS,,VIA BANK TR SETTLES ACT 62,,105 · ACCOUNTS RECEIVABLE,,,,101 · CASH IN BANK - UTILITY,,-115.00,,0.00
,,,Deposit,,02/23/2026,,,,,,Deposit,,101 · CASH IN BANK - UTILITY,,Ö,,105 · ACCOUNTS RECEIVABLE,,100.00,,100.00
,,,Deposit,,02/23/2026,,,,WATER PAYMENTS,,VIA CREDIT CARD,,105 · ACCOUNTS RECEIVABLE,,,,101 · CASH IN BANK - UTILITY,,-100.00,,0.00
,,,Deposit,,02/23/2026,,,,,,Deposit,,101 · CASH IN BANK - UTILITY,,Ö,,105 · ACCOUNTS RECEIVABLE,,"1,330.00",,"1,330.00"
,,,Deposit,,02/23/2026,,,,WATER PAYMENTS,,WATER PAYMENTS,,105 · ACCOUNTS RECEIVABLE,,,,101 · CASH IN BANK - UTILITY,,"-1,330.00",,0.00
,,,Deposit,,02/24/2026,,,,,,Deposit,,101 · CASH IN BANK - UTILITY,,Ö,,105 · ACCOUNTS RECEIVABLE,,214.99,,214.99
,,,Deposit,,02/24/2026,,,,WATER PAYMENTS,,VIA CREDIT CARD,,105 · ACCOUNTS RECEIVABLE,,,,101 · CASH IN BANK - UTILITY,,-214.99,,0.00
,,,Deposit,,02/24/2026,,,,,,Deposit,,101 · CASH IN BANK - UTILITY,,Ö,,105 · ACCOUNTS RECEIVABLE,,305.00,,305.00
,,,Deposit,,02/24/2026,,,,WATER PAYMENTS,,WATER PAYMENTS,,105 · ACCOUNTS RECEIVABLE,,,,101 · CASH IN BANK - UTILITY,,-305.00,,0.00
,,,Deposit,,02/25/2026,,,,,,Deposit,,101 · CASH IN BANK - UTILITY,,Ö,,105 · ACCOUNTS RECEIVABLE,,205.00,,205.00
,,,Deposit,,02/25/2026,,,,WATER PAYMENTS,,VIA CREDIT CARD,,105 · ACCOUNTS RECEIVABLE,,,,101 · CASH IN BANK - UTILITY,,-205.00,,0.00
,,,Deposit,,02/25/2026,,,,,,Deposit,,101 · CASH IN BANK - UTILITY,,Ö,,105 · ACCOUNTS RECEIVABLE,,723.50,,723.50
,,,Deposit,,02/25/2026,,,,WATER PAYMENTS,,WATER PAYMENTS,,105 · ACCOUNTS RECEIVABLE,,,,101 · CASH IN BANK - UTILITY,,-723.50,,0.00
,,,Deposit,,02/26/2026,,,,,,Deposit,,101 · CASH IN BANK - UTILITY,,Ö,,105 · ACCOUNTS RECEIVABLE,,40.00,,40.00
,,,Deposit,,02/26/2026,,,,WATER PAYMENTS,,VIA CREDIT CARD,,105 · ACCOUNTS RECEIVABLE,,,,101 · CASH IN BANK - UTILITY,,-40.00,,0.00
,,,Deposit,,02/26/2026,,,,,,Deposit,,101 · CASH IN BANK - UTILITY,,Ö,,105 · ACCOUNTS RECEIVABLE,,685.70,,685.70
,,,Deposit,,02/26/2026,,,,WATER PAYMENTS,,WATER PAYMENTS,,105 · ACCOUNTS RECEIVABLE,,,,101 · CASH IN BANK - UTILITY,,-685.70,,0.00
,,,Deposit,,02/27/2026,,,,,,Deposit,,101 · CASH IN BANK - UTILITY,,Ö,,105 · ACCOUNTS RECEIVABLE,,882.35,,882.35
,,,Deposit,,02/27/2026,,,,WATER PAYMENTS,,VIA CREDIT CARD,,105 · ACCOUNTS RECEIVABLE,,,,101 · CASH IN BANK - UTILITY,,-882.35,,0.00
,,,General Journal,,02/28/2026,,311,,,,RICK JONES PAYROLL,,460.12 · ADMIN-WATER PT SALARIES,,,,-SPLIT-,,704.00,,704.00
,,,General Journal,,02/28/2026,,311,,,,RICK JONES PAYROLL,,483 · PAYROLL TAXES - FICA,,,,460.12 · ADMIN-WATER PT SALARIES,,53.86,,757.86
,,,General Journal,,02/28/2026,,311,,,,RICK JONES PAYROLL,,270 · DUE TO/FROM GENERAL FUND,,,,460.12 · ADMIN-WATER PT SALARIES,,-757.86,,0.00
,,,General Journal,,02/28/2026,,311,,,,RICK REIFSCHNEIDER,,460.12 · ADMIN-WATER PT SALARIES,,,,-SPLIT-,,374.00,,374.00
,,,General Journal,,02/28/2026,,311,,,,RICK REIFSCHNEIDER,,483 · PAYROLL TAXES - FICA,,,,460.12 · ADMIN-WATER PT SALARIES,,28.61,,402.61
,,,General Journal,,02/28/2026,,311,,,,RICK REIFSCHNEIDER,,270 · DUE TO/FROM GENERAL FUND,,,,460.12 · ADMIN-WATER PT SALARIES,,-402.61,,0.00
,,,General Journal,,02/28/2026,,311,,,,BILL GALLEGOS PAYROLL,,460.12 · ADMIN-WATER PT SALARIES,,,,-SPLIT-,,244.00,,244.00
,,,General Journal,,02/28/2026,,311,,,,BILL GALLEGOS PAYROLL,,483 · PAYROLL TAXES - FICA,,,,460.12 · ADMIN-WATER PT SALARIES,,18.67,,262.67
,,,General Journal,,02/28/2026,,311,,,,BILL GALLEGOS PAYROLL,,270 · DUE TO/FROM GENERAL FUND,,,,460.12 · ADMIN-WATER PT SALARIES,,-262.67,,0.00
,,,General Journal,,02/28/2026,,364,,,,DEBBIE DILLON PAYROLL,,460.1 · ADMIN-CLERK SALARIES,,,,-SPLIT-,,"1,170.13",,"1,170.13"
,,,General Journal,,02/28/2026,,364,,,,DEBBIE DILLON PAYROLL,,483 · PAYROLL TAXES - FICA,,,,460.1 · ADMIN-CLERK SALARIES,,89.48,,"1,259.61"
,,,General Journal,,02/28/2026,,364,,,,DEBBIE DILLON PAYROLL,,270 · DUE TO/FROM GENERAL FUND,,,,460.1 · ADMIN-CLERK SALARIES,,"-1,259.61",,0.00
,,,General Journal,,02/28/2026,,311,,,,SCOTT WITTMAN,,460 · SUPT SALARIES,,,,-SPLIT-,,"1,011.28",,"1,011.28"
,,,General Journal,,02/28/2026,,311,,,,SCOTT WITTMAN,,483 · PAYROLL TAXES - FICA,,,,460 · SUPT SALARIES,,77.37,,"1,088.65"
,,,General Journal,,02/28/2026,,311,,,,SCOTT WITTMAN,,270 · DUE TO/FROM GENERAL FUND,,,,460 · SUPT SALARIES,,"-1,088.65",,0.00
,,,General Journal,,02/28/2026,,364,,,,WSD COLLECTION FEE,,222 · DUE TO/FROM WSD,,,,-SPLIT-,,275.00,,275.00
,,,General Journal,,02/28/2026,,364,,,,WSD COLLECTION FEE,,310 · WSD COLLECTIN FEE,,,,222 · DUE TO/FROM WSD,,-500.00,,-225.00
,,,General Journal,,02/28/2026,,364,,,,BROOKSIDE MANAGEMENT FEE,,366 · BCL MANAGEMENT FEE,,,,222 · DUE TO/FROM WSD,,"-1,000.00",,"-1,225.00"
,,,General Journal,,02/28/2026,,364,,,,WSD COLLECTION FEE,,270.2 · DUE TO/FROM BROOKSIDE,,,,222 · DUE TO/FROM WSD,,"1,000.00",,-225.00
,,,General Journal,,02/28/2026,,364,,,,WSD COLLECTION FEE,,223 · DUE TO FROM WSD-GENERAL,,,,222 · DUE TO/FROM WSD,,225.00,,0.00
,,,General Journal,,02/28/2026,,373,,BILLING REGISTER,,BILLING REGISTRY,,105 · ACCOUNTS RECEIVABLE,,,,-SPLIT-,,"27,651.85",,"27,651.85"
,,,General Journal,,02/28/2026,,373,,BILLING REGISTER,,BILLING REGISTRY,,222 · DUE TO/FROM WSD,,,,105 · ACCOUNTS RECEIVABLE,,"-7,907.27",,"19,744.58"
,,,General Journal,,02/28/2026,,373,,BILLING REGISTER,,BILLING REGISTRY,,348 · TRASH SALES,,,,105 · ACCOUNTS RECEIVABLE,,"-8,977.80",,"10,766.78"
,,,General Journal,,02/28/2026,,373,,BILLING REGISTER,,LAND LEASE,,270 · DUE TO/FROM GENERAL FUND,,,,105 · ACCOUNTS RECEIVABLE,,-50.00,,"10,716.78"
,,,General Journal,,02/28/2026,,373,,BILLING REGISTER,,BILLING REGISTRY,,301 · WATER SALES,,,,105 · ACCOUNTS RECEIVABLE,,"-10,410.14",,306.64
,,,General Journal,,02/28/2026,,373,,BILLING REGISTER,,BILLING REGISTRY,,315 · PENALTY CHARGE,,,,105 · ACCOUNTS RECEIVABLE,,-306.64,,0.00
,,,General Journal,,02/28/2026,,373,,BILLING REGISTER,,PET FEE,,270 · DUE TO/FROM GENERAL FUND,,,,105 · ACCOUNTS RECEIVABLE,,0.00,,0.00
,,,Check,,02/28/2026,,,,,,Service Charge,,101 · CASH IN BANK - UTILITY,,Ö,,467 · OTHER ADMINISTRATIVE EXPENSES,,-26.56,,-26.56
,,,Check,,02/28/2026,,,,,,Service Charge,,467 · OTHER ADMINISTRATIVE EXPENSES,,,,101 · CASH IN BANK - UTILITY,,26.56,,0.00
,,,Deposit,,02/28/2026,,,,,,Interest,,101 · CASH IN BANK - UTILITY,,Ö,,317 · INTEREST (INCOME),,7.83,,7.83
,,,Deposit,,02/28/2026,,,,,,Interest,,317 · INTEREST (INCOME),,,,101 · CASH IN BANK - UTILITY,,-7.83,,0.00
,,,Check,,03/02/2026,,12159,,CITY OF LAMAR,,,,101 · CASH IN BANK - UTILITY,,,,-SPLIT-,,"-2,552.71",,"-2,552.71"
,,,Check,,03/02/2026,,12159,,CITY OF LAMAR,,33-000205-00 304 MAIN ST,,411 · PUMPING EXPENSE,,,,101 · CASH IN BANK - UTILITY,,360.72,,"-2,191.99"
,,,Check,,03/02/2026,,12159,,CITY OF LAMAR,,33-000206-00 304 MAIN PUMP,,411 · PUMPING EXPENSE,,,,101 · CASH IN BANK - UTILITY,,37.00,,"-2,154.99"
,,,Check,,03/02/2026,,12159,,CITY OF LAMAR,, LANDFILL CHARGES,,454 · TRASH DISPOSAL-TRASH SERVICE,,,,101 · CASH IN BANK - UTILITY,,"2,154.99",,0.00
,,,Check,,03/02/2026,,12160,,LAMAR AUTO PARTS,,,,101 · CASH IN BANK - UTILITY,,,,453 · TRASH SUPPLIES/REPAIRS,,-101.83,,-101.83
,,,Check,,03/02/2026,,12160,,LAMAR AUTO PARTS,,TRASH TRUCK REPAIR SUPPLIES,,453 · TRASH SUPPLIES/REPAIRS,,,,101 · CASH IN BANK - UTILITY,,101.83,,0.00
,,,Check,,03/02/2026,,12161,,RANCHER'S SUPPLY,,,,101 · CASH IN BANK - UTILITY,,,,453 · TRASH SUPPLIES/REPAIRS,,-16.43,,-16.43
,,,Check,,03/02/2026,,12161,,RANCHER'S SUPPLY,,trash truck supplies,,453 · TRASH SUPPLIES/REPAIRS,,,,101 · CASH IN BANK - UTILITY,,16.43,,0.00
,,,Check,,03/02/2026,,12162,,O'REILLY AUTO PARTS,,,,101 · CASH IN BANK - UTILITY,,,,453 · TRASH SUPPLIES/REPAIRS,,-22.98,,-22.98
,,,Check,,03/02/2026,,12162,,O'REILLY AUTO PARTS,,TRASH TRUCK relay,,453 · TRASH SUPPLIES/REPAIRS,,,,101 · CASH IN BANK - UTILITY,,22.98,,0.00
,,,Check,,03/03/2026,,12163,,MAY VALLEY WATER ASSOCIATION,,,,101 · CASH IN BANK - UTILITY,,,,-SPLIT-,,"-1,532.55",,"-1,532.55"
,,,Check,,03/03/2026,,12163,,MAY VALLEY WATER ASSOCIATION,,chlorine,,430 · WATER TREATMENT,,,,101 · CASH IN BANK - UTILITY,,545.60,,-986.95
,,,Check,,03/03/2026,,12163,,MAY VALLEY WATER ASSOCIATION,,HOT SPOT,,465 · OFFICE SUPPLIES/POSTAGE,,,,101 · CASH IN BANK - UTILITY,,27.34,,-959.61
,,,Check,,03/03/2026,,12163,,MAY VALLEY WATER ASSOCIATION,,METER PARTS FOR WELTON LCC HOUSE,,412 · WATER SUPPLIES/REPAIRS,,,,101 · CASH IN BANK - UTILITY,,959.61,,0.00
,,,Deposit,,03/03/2026,,,,,,Deposit,,101 · CASH IN BANK - UTILITY,,,,105 · ACCOUNTS RECEIVABLE,,"1,438.50",,"1,438.50"
,,,Deposit,,03/03/2026,,,,WATER PAYMENTS,,WATER PAYMENTS,,105 · ACCOUNTS RECEIVABLE,,,,101 · CASH IN BANK - UTILITY,,"-1,438.50",,0.00
,,,General Journal,,03/04/2026,,367,,,,SECPA ACT 133501,,101 · CASH IN BANK - UTILITY,,,,411 · PUMPING EXPENSE,,-138.29,,-138.29
,,,General Journal,,03/04/2026,,367,,,,SECPA ACT 133501,,411 · PUMPING EXPENSE,,,,101 · CASH IN BANK - UTILITY,,138.29,,0.00
,,,General Journal,,03/04/2026,,367,,,,SECPA ACT 133401,,101 · CASH IN BANK - UTILITY,,,,411 · PUMPING EXPENSE,,-429.08,,-429.08
,,,General Journal,,03/04/2026,,367,,,,SECPA ACT 133401,,411 · PUMPING EXPENSE,,,,101 · CASH IN BANK - UTILITY,,429.08,,0.00
,,,Deposit,,03/05/2026,,,,,,Deposit,,101 · CASH IN BANK - UTILITY,,,,105 · ACCOUNTS RECEIVABLE,,795.11,,795.11
,,,Deposit,,03/05/2026,,,,WATER PAYMENTS,,VIA CREDIT CARD,,105 · ACCOUNTS RECEIVABLE,,,,101 · CASH IN BANK - UTILITY,,-795.11,,0.00
,,,Deposit,,03/05/2026,,,,,,Deposit,,101 · CASH IN BANK - UTILITY,,,,105 · ACCOUNTS RECEIVABLE,,"1,015.00",,"1,015.00"
,,,Deposit,,03/05/2026,,,,WATER PAYMENTS,,WATER PAYMENTS,,105 · ACCOUNTS RECEIVABLE,,,,101 · CASH IN BANK - UTILITY,,"-1,015.00",,0.00
,,,Check,,03/06/2026,,12156,,TOWN OF WILEY - GENERAL,,,,101 · CASH IN BANK - UTILITY,,,,-SPLIT-,,"-4,306.50",,"-4,306.50"
,,,Check,,03/06/2026,,12156,,TOWN OF WILEY - GENERAL,,payroll,,270 · DUE TO/FROM GENERAL FUND,,,,101 · CASH IN BANK - UTILITY,,"3,503.41",,-803.09
,,,Check,,03/06/2026,,12156,,TOWN OF WILEY - GENERAL,,land,,270 · DUE TO/FROM GENERAL FUND,,,,101 · CASH IN BANK - UTILITY,,50.00,,-753.09
,,,Check,,03/06/2026,,12156,,TOWN OF WILEY - GENERAL,,health,,491 · EMPLOYEE BENEFIT,,,,101 · CASH IN BANK - UTILITY,,753.09,,0.00
,,,Check,,03/06/2026,,12157,,POST MASTER,,2 BOOKS 2 ROLLS,,101 · CASH IN BANK - UTILITY,,,,465 · OFFICE SUPPLIES/POSTAGE,,-187.20,,-187.20
,,,Check,,03/06/2026,,12157,,POST MASTER,,2 BOOKS 2 ROLLS,,465 · OFFICE SUPPLIES/POSTAGE,,,,101 · CASH IN BANK - UTILITY,,187.20,,0.00
,,,Deposit,,03/06/2026,,,,,,Deposit,,101 · CASH IN BANK - UTILITY,,,,105 · ACCOUNTS RECEIVABLE,,290.97,,290.97
,,,Deposit,,03/06/2026,,,,WATER PAYMENTS,,VIA CREDIT CARD,,105 · ACCOUNTS RECEIVABLE,,,,101 · CASH IN BANK - UTILITY,,-290.97,,0.00
,,,Deposit,,03/06/2026,,,,,,Deposit,,101 · CASH IN BANK - UTILITY,,,,-SPLIT-,,"2,990.00",,"2,990.00"
,,,Deposit,,03/06/2026,,,,WATER PAYMENTS,,WATER PAYMENTS,,105 · ACCOUNTS RECEIVABLE,,,,101 · CASH IN BANK - UTILITY,,"-1,490.00",,"1,500.00"
,,,Deposit,,03/06/2026,,,,DUE TO FROM WSD,,MNG,,223 · DUE TO FROM WSD-GENERAL,,,,101 · CASH IN BANK - UTILITY,,-225.00,,"1,275.00"
,,,Deposit,,03/06/2026,,,,DUE TO FROM BCL,,MNG,,270.2 · DUE TO/FROM BROOKSIDE,,,,101 · CASH IN BANK - UTILITY,,"-1,000.00",,275.00
,,,Deposit,,03/06/2026,,,,DUE TO FROM WSD,,MNG,,222 · DUE TO/FROM WSD,,,,101 · CASH IN BANK - UTILITY,,-275.00,,0.00
,,,Check,,03/09/2026,,12155,,AgSense,,,,101 · CASH IN BANK - UTILITY,,,,416 · DUES & SUBSCRIPTIONS,,-370.00,,-370.00
,,,Check,,03/09/2026,,12155,,AgSense,,MONITOR SUBSCRIPTION FOR MONITORING EQUIPMENT AT THE WELLS AND MAIN LINE,,416 · DUES & SUBSCRIPTIONS,,,,101 · CASH IN BANK - UTILITY,,370.00,,0.00
,,,Check,,03/09/2026,,12164,,WALLACE GAS AND OIL,,,,101 · CASH IN BANK - UTILITY,,,,419.4- FUEL EXPENSE,,-476.26,,-476.26
,,,Check,,03/09/2026,,12164,,WALLACE GAS AND OIL,,TRASH TRUCK FUEL,,419.4- FUEL EXPENSE,,,,101 · CASH IN BANK - UTILITY,,476.26,,0.00
,,,Deposit,,03/09/2026,,,,,,Deposit,,101 · CASH IN BANK - UTILITY,,,,105 · ACCOUNTS RECEIVABLE,,100.00,,100.00
,,,Deposit,,03/09/2026,,,,WATER PAYMENTS,,VIA CREDIT CARD,,105 · ACCOUNTS RECEIVABLE,,,,101 · CASH IN BANK - UTILITY,,-100.00,,0.00
,,,Deposit,,03/09/2026,,,,,,Deposit,,101 · CASH IN BANK - UTILITY,,,,105 · ACCOUNTS RECEIVABLE,,"1,775.00",,"1,775.00"
,,,Deposit,,03/09/2026,,,,WATER PAYMENTS,,WATER PAYMENTS,,105 · ACCOUNTS RECEIVABLE,,,,101 · CASH IN BANK - UTILITY,,"-1,775.00",,0.00
,,,Check,,03/09/2026,,1,,ELEMENT ENGINEERING,,VOID:,,101 · CASH IN BANK - UTILITY,,Ö,,412 · WATER SUPPLIES/REPAIRS,,0.00,,0.00
,,,Check,,03/09/2026,,1,,ELEMENT ENGINEERING,,Water PNA Project,,412 · WATER SUPPLIES/REPAIRS,,Ö,,101 · CASH IN BANK - UTILITY,,0.00,,0.00
,,,Check,,03/09/2026,,12166,,ELEMENT ENGINEERING,,,,101 · CASH IN BANK - UTILITY,,,,488 · PNA-ELEMENT EXPENSES,,"-3,630.00",,"-3,630.00"
,,,Check,,03/09/2026,,12166,,ELEMENT ENGINEERING,,pna project,,488 · PNA-ELEMENT EXPENSES,,,,101 · CASH IN BANK - UTILITY,,"3,630.00",,0.00
,,,Deposit,,03/09/2026,,,,,,Deposit,,101 · CASH IN BANK - UTILITY,,,,105 · ACCOUNTS RECEIVABLE,,"2,049.86",,"2,049.86"
,,,Deposit,,03/09/2026,,,,WATER PAYMENTS,,WATER PAYMENTS,,105 · ACCOUNTS RECEIVABLE,,,,101 · CASH IN BANK - UTILITY,,"-2,049.86",,0.00
,,,Deposit,,03/11/2026,,,,,,Deposit,,101 · CASH IN BANK - UTILITY,,,,105 · ACCOUNTS RECEIVABLE,,206.78,,206.78
,,,Deposit,,03/11/2026,,,,WATER PAYMENTS,,VIA CREDIT CARD,,105 · ACCOUNTS RECEIVABLE,,,,101 · CASH IN BANK - UTILITY,,-206.78,,0.00
,,,General Journal,,03/11/2026,,367,,,,TR TO GENERAL-WRONG CK USED TO PAY ELEMENT -PNA,,101 · CASH IN BANK - UTILITY,,,,488 · PNA-ELEMENT EXPENSES,,"-7,820.00",,"-7,820.00"
,,,General Journal,,03/11/2026,,367,,,,TR TO GENERAL-WRONG CK USED TO PAY ELEMENT -PNA,,488 · PNA-ELEMENT EXPENSES,,,,101 · CASH IN BANK - UTILITY,,"7,820.00",,0.00
,,,Check,,03/13/2026,,12158,,WILEY SANITATION DISTRICT,,,,101 · CASH IN BANK - UTILITY,,,,222 · DUE TO/FROM WSD,,"-7,907.27",,"-7,907.27"
,,,Check,,03/13/2026,,12158,,WILEY SANITATION DISTRICT,,SEWAGE SALES,,222 · DUE TO/FROM WSD,,,,101 · CASH IN BANK - UTILITY,,"7,907.27",,0.00
,,,Check,,03/13/2026,,12167,,COLORADO ANALYTICAL LAB,,,,101 · CASH IN BANK - UTILITY,,,,470 · OUTSIDE SERVICE - LAB FEES,,-24.00,,-24.00
,,,Check,,03/13/2026,,12167,,COLORADO ANALYTICAL LAB,,COLIFORM TESTING,,470 · OUTSIDE SERVICE - LAB FEES,,,,101 · CASH IN BANK - UTILITY,,24.00,,0.00
,,,Deposit,,03/13/2026,,,,,,Deposit,,101 · CASH IN BANK - UTILITY,,,,105 · ACCOUNTS RECEIVABLE,,104.99,,104.99
,,,Deposit,,03/13/2026,,,,WATER PAYMENTS,,VIA CREDIT CARD,,105 · ACCOUNTS RECEIVABLE,,,,101 · CASH IN BANK - UTILITY,,-104.99,,0.00
,,,General Journal,,03/13/2026,,367,,,,REFUND SERVICE FEE FROM CBT,,101 · CASH IN BANK - UTILITY,,,,467 · OTHER ADMINISTRATIVE EXPENSES,,26.56,,26.56
,,,General Journal,,03/13/2026,,367,,,,REFUND SERVICE FEE FROM CBT,,467 · OTHER ADMINISTRATIVE EXPENSES,,,,101 · CASH IN BANK - UTILITY,,-26.56,,0.00
,,,Deposit,,03/13/2026,,,,,,Deposit,,101 · CASH IN BANK - UTILITY,,,,105 · ACCOUNTS RECEIVABLE,,"1,475.00",,"1,475.00"
,,,Deposit,,03/13/2026,,,,WATER PAYMENTS,,WATER PAYMENTS,,105 · ACCOUNTS RECEIVABLE,,,,101 · CASH IN BANK - UTILITY,,"-1,475.00",,0.00
,,,Deposit,,03/16/2026,,,,,,Deposit,,101 · CASH IN BANK - UTILITY,,,,105 · ACCOUNTS RECEIVABLE,,"3,811.85",,"3,811.85"
,,,Deposit,,03/16/2026,,,,WATER PAYMENTS,,WATER PAYMENTS,,105 · ACCOUNTS RECEIVABLE,,,,101 · CASH IN BANK - UTILITY,,"-3,811.85",,0.00
,,,Check,,03/16/2026,,12168,,BELLOMY INSURANCE AGENCY,,,,101 · CASH IN BANK - UTILITY,,,,-SPLIT-,,"-3,588.25",,"-3,588.25"
,,,Check,,03/16/2026,,12168,,BELLOMY INSURANCE AGENCY,,,,480 · INSURANCE - PROPERTY/AUTO/LIAB,,,,101 · CASH IN BANK - UTILITY,,"2,588.25",,"-1,000.00"
,,,Check,,03/16/2026,,12168,,BELLOMY INSURANCE AGENCY,,,,480.2 · INSURANCE - TRASH TRUCK AND DUM,,,,101 · CASH IN BANK - UTILITY,,"1,000.00",,0.00
,,,Deposit,,03/17/2026,,,,,,Deposit,,101 · CASH IN BANK - UTILITY,,,,105 · ACCOUNTS RECEIVABLE,,436.99,,436.99
,,,Deposit,,03/17/2026,,,,WATER PAYMENTS,,VIA CREDIT CARD,,105 · ACCOUNTS RECEIVABLE,,,,101 · CASH IN BANK - UTILITY,,-436.99,,0.00
,,,Deposit,,03/17/2026,,,,,,Deposit,,101 · CASH IN BANK - UTILITY,,,,105 · ACCOUNTS RECEIVABLE,,570.50,,570.50
,,,Deposit,,03/17/2026,,,,WATER PAYMENTS,,WATER PAYMENTS,,105 · ACCOUNTS RECEIVABLE,,,,101 · CASH IN BANK - UTILITY,,-570.50,,0.00
,,,Deposit,,03/18/2026,,,,,,Deposit,,101 · CASH IN BANK - UTILITY,,,,105 · ACCOUNTS RECEIVABLE,,100.00,,100.00
,,,Deposit,,03/18/2026,,,,WATER PAYMENTS,,VIA CREDIT CARD,,105 · ACCOUNTS RECEIVABLE,,,,101 · CASH IN BANK - UTILITY,,-100.00,,0.00
,,,Deposit,,03/18/2026,,,,,,Deposit,,101 · CASH IN BANK - UTILITY,,,,105 · ACCOUNTS RECEIVABLE,,509.90,,509.90
,,,Deposit,,03/18/2026,,,,WATER PAYMENTS,,WATER PAYMENTS,,105 · ACCOUNTS RECEIVABLE,,,,101 · CASH IN BANK - UTILITY,,-509.90,,0.00
,,,Deposit,,03/19/2026,,,,,,Deposit,,101 · CASH IN BANK - UTILITY,,,,105 · ACCOUNTS RECEIVABLE,,"2,106.55",,"2,106.55"
,,,Deposit,,03/19/2026,,,,WATER PAYMENTS,,water payments,,105 · ACCOUNTS RECEIVABLE,,,,101 · CASH IN BANK - UTILITY,,"-2,106.55",,0.00
,,,Deposit,,03/20/2026,,,,,,Deposit,,101 · CASH IN BANK - UTILITY,,,,105 · ACCOUNTS RECEIVABLE,,100.00,,100.00
,,,Deposit,,03/20/2026,,,,WATER PAYMENTS,,VIA CREDIT CARD,,105 · ACCOUNTS RECEIVABLE,,,,101 · CASH IN BANK - UTILITY,,-100.00,,0.00
,,,Deposit,,03/20/2026,,,,,,Deposit,,101 · CASH IN BANK - UTILITY,,,,105 · ACCOUNTS RECEIVABLE,,210.00,,210.00
,,,Deposit,,03/20/2026,,,,WATER PAYMENTS,,VIA CREDIT CARD,,105 · ACCOUNTS RECEIVABLE,,,,101 · CASH IN BANK - UTILITY,,-210.00,,0.00
,,,Deposit,,03/20/2026,,,,,,Deposit,,101 · CASH IN BANK - UTILITY,,,,105 · ACCOUNTS RECEIVABLE,,"1,123.00",,"1,123.00"
,,,Deposit,,03/20/2026,,,,WATER PAYMENTS,,WATER PAYMENTS,,105 · ACCOUNTS RECEIVABLE,,,,101 · CASH IN BANK - UTILITY,,"-1,123.00",,0.00
,,,Deposit,,03/23/2026,,,,,,Deposit,,101 · CASH IN BANK - UTILITY,,,,105 · ACCOUNTS RECEIVABLE,,410.00,,410.00
,,,Deposit,,03/23/2026,,,,WATER PAYMENTS,,VIA CREDIT CARD,,105 · ACCOUNTS RECEIVABLE,,,,101 · CASH IN BANK - UTILITY,,-410.00,,0.00
,,,Deposit,,03/23/2026,,,,,,Deposit,,101 · CASH IN BANK - UTILITY,,,,318 · CDPHE/DOLA PNA GRANT 2026,,"3,440.80",,"3,440.80"
,,,Deposit,,03/23/2026,,,,DEPARTMENT OF LOCAL AFFAIRS,,PNA,,318 · CDPHE/DOLA PNA GRANT 2026,,,,101 · CASH IN BANK - UTILITY,,"-3,440.80",,0.00
,,,Deposit,,03/23/2026,,,,,,Deposit,,101 · CASH IN BANK - UTILITY,,,,105 · ACCOUNTS RECEIVABLE,,"1,290.00",,"1,290.00"
,,,Deposit,,03/23/2026,,,,WATER PAYMENTS,,WATER PAYMENTS,,105 · ACCOUNTS RECEIVABLE,,,,101 · CASH IN BANK - UTILITY,,"-1,290.00",,0.00
,,,Deposit,,03/24/2026,,,,,,Deposit,,101 · CASH IN BANK - UTILITY,,,,105 · ACCOUNTS RECEIVABLE,,329.99,,329.99
,,,Deposit,,03/24/2026,,,,WATER PAYMENTS,,VIA CREDIT CARD,,105 · ACCOUNTS RECEIVABLE,,,,101 · CASH IN BANK - UTILITY,,-329.99,,0.00
,,,Deposit,,03/24/2026,,,,,,Deposit,,101 · CASH IN BANK - UTILITY,,,,105 · ACCOUNTS RECEIVABLE,,"1,695.95",,"1,695.95"
,,,Deposit,,03/24/2026,,,,WATER PAYMENTS,,WATER PAYMENTS,,105 · ACCOUNTS RECEIVABLE,,,,101 · CASH IN BANK - UTILITY,,"-1,695.95",,0.00
,,,General Journal,,03/24/2026,,368,,,,DEPOSIT APPLIED TO BALANCE ACT 59 REA GEREE,,241 · METER DEPOSITS,,,,105 · ACCOUNTS RECEIVABLE,,75.00,,75.00
,,,General Journal,,03/24/2026,,368,,WATER DEPOSIT,,DEPOSIT APPLIED TO BALANCE ACT 59 REA GEREE,,105 · ACCOUNTS RECEIVABLE,,,,241 · METER DEPOSITS,,-75.00,,0.00
,,,Deposit,,03/25/2026,,,,,,Deposit,,101 · CASH IN BANK - UTILITY,,,,105 · ACCOUNTS RECEIVABLE,,244.60,,244.60
,,,Deposit,,03/25/2026,,,,WATER PAYMENTS,,VIA CREDIT CARD,,105 · ACCOUNTS RECEIVABLE,,,,101 · CASH IN BANK - UTILITY,,-244.60,,0.00
,,,Deposit,,03/25/2026,,,,,,Deposit,,101 · CASH IN BANK - UTILITY,,,,105 · ACCOUNTS RECEIVABLE,,128.15,,128.15
,,,Deposit,,03/25/2026,,,,WATER PAYMENTS,,VIA BANK TRANSFER SETTLES # 62,,105 · ACCOUNTS RECEIVABLE,,,,101 · CASH IN BANK - UTILITY,,-128.15,,0.00
,,,Check,,03/25/2026,,12171,,KIMBALL MIDWEST,,,,101 · CASH IN BANK - UTILITY,,,,412 · WATER SUPPLIES/REPAIRS,,-126.25,,-126.25
,,,Check,,03/25/2026,,12171,,KIMBALL MIDWEST,,,,412 · WATER SUPPLIES/REPAIRS,,,,101 · CASH IN BANK - UTILITY,,126.25,,0.00
,,,Deposit,,03/26/2026,,,,,,Deposit,,101 · CASH IN BANK - UTILITY,,,,105 · ACCOUNTS RECEIVABLE,,125.00,,125.00
,,,Deposit,,03/26/2026,,,,WATER PAYMENTS,,VIA CREDIT CARD,,105 · ACCOUNTS RECEIVABLE,,,,101 · CASH IN BANK - UTILITY,,-125.00,,0.00
,,,Deposit,,03/26/2026,,,,,,Deposit,,101 · CASH IN BANK - UTILITY,,,,105 · ACCOUNTS RECEIVABLE,,345.00,,345.00
,,,Deposit,,03/26/2026,,,,WATER PAYMENTS,,water payments,,105 · ACCOUNTS RECEIVABLE,,,,101 · CASH IN BANK - UTILITY,,-345.00,,0.00
,,,Deposit,,03/27/2026,,,,,,Deposit,,101 · CASH IN BANK - UTILITY,,,,105 · ACCOUNTS RECEIVABLE,,369.97,,369.97
,,,Deposit,,03/27/2026,,,,WATER PAYMENTS,,via credit card,,105 · ACCOUNTS RECEIVABLE,,,,101 · CASH IN BANK - UTILITY,,-369.97,,0.00
,,,General Journal,,03/31/2026,,311,,,,RICK JONES PAYROLL,,460.12 · ADMIN-WATER PT SALARIES,,,,-SPLIT-,,990.00,,990.00
,,,General Journal,,03/31/2026,,311,,,,RICK JONES PAYROLL,,483 · PAYROLL TAXES - FICA,,,,460.12 · ADMIN-WATER PT SALARIES,,75.73,,"1,065.73"
,,,General Journal,,03/31/2026,,311,,,,RICK JONES PAYROLL,,270 · DUE TO/FROM GENERAL FUND,,,,460.12 · ADMIN-WATER PT SALARIES,,"-1,065.73",,0.00
,,,General Journal,,03/31/2026,,311,,,,RICK REIFSCHNEIDER,,460.12 · ADMIN-WATER PT SALARIES,,,,-SPLIT-,,265.38,,265.38
,,,General Journal,,03/31/2026,,311,,,,RICK REIFSCHNEIDER,,483 · PAYROLL TAXES - FICA,,,,460.12 · ADMIN-WATER PT SALARIES,,20.30,,285.68
,,,General Journal,,03/31/2026,,311,,,,RICK REIFSCHNEIDER,,270 · DUE TO/FROM GENERAL FUND,,,,460.12 · ADMIN-WATER PT SALARIES,,-285.68,,0.00
,,,General Journal,,03/31/2026,,311,,,,BILL GALLEGOS PAYROLL,,460.12 · ADMIN-WATER PT SALARIES,,,,-SPLIT-,,363.00,,363.00
,,,General Journal,,03/31/2026,,311,,,,BILL GALLEGOS PAYROLL,,483 · PAYROLL TAXES - FICA,,,,460.12 · ADMIN-WATER PT SALARIES,,27.77,,390.77
,,,General Journal,,03/31/2026,,311,,,,BILL GALLEGOS PAYROLL,,270 · DUE TO/FROM GENERAL FUND,,,,460.12 · ADMIN-WATER PT SALARIES,,-390.77,,0.00
,,,General Journal,,03/31/2026,,364,,,,DEBBIE DILLON PAYROLL,,460.1 · ADMIN-CLERK SALARIES,,,,-SPLIT-,,"1,196.00",,"1,196.00"
,,,General Journal,,03/31/2026,,364,,,,DEBBIE DILLON PAYROLL,,483 · PAYROLL TAXES - FICA,,,,460.1 · ADMIN-CLERK SALARIES,,91.49,,"1,287.49"
,,,General Journal,,03/31/2026,,364,,,,DEBBIE DILLON PAYROLL,,270 · DUE TO/FROM GENERAL FUND,,,,460.1 · ADMIN-CLERK SALARIES,,"-1,287.49",,0.00
,,,General Journal,,03/31/2026,,311,,,,SCOTT WITTMAN,,460 · SUPT SALARIES,,,,-SPLIT-,,"1,140.56",,"1,140.56"
,,,General Journal,,03/31/2026,,311,,,,SCOTT WITTMAN,,483 · PAYROLL TAXES - FICA,,,,460 · SUPT SALARIES,,87.25,,"1,227.81"
,,,General Journal,,03/31/2026,,311,,,,SCOTT WITTMAN,,270 · DUE TO/FROM GENERAL FUND,,,,460 · SUPT SALARIES,,"-1,227.81",,0.00
,,,General Journal,,03/31/2026,,364,,,,WSD COLLECTION FEE,,222 · DUE TO/FROM WSD,,,,-SPLIT-,,275.00,,275.00
,,,General Journal,,03/31/2026,,364,,,,WSD COLLECTION FEE,,310 · WSD COLLECTIN FEE,,,,222 · DUE TO/FROM WSD,,-500.00,,-225.00
,,,General Journal,,03/31/2026,,364,,,,BROOKSIDE MANAGEMENT FEE,,366 · BCL MANAGEMENT FEE,,,,222 · DUE TO/FROM WSD,,"-1,000.00",,"-1,225.00"
,,,General Journal,,03/31/2026,,364,,,,WSD COLLECTION FEE,,270.2 · DUE TO/FROM BROOKSIDE,,,,222 · DUE TO/FROM WSD,,"1,000.00",,-225.00
,,,General Journal,,03/31/2026,,364,,,,WSD COLLECTION FEE,,223 · DUE TO FROM WSD-GENERAL,,,,222 · DUE TO/FROM WSD,,225.00,,0.00
,,,Check,,04/10/2026,,12169,,TOWN OF WILEY - GENERAL,,,,101 · CASH IN BANK - UTILITY,,,,-SPLIT-,,"-4,758.03",,"-4,758.03"
,,,Check,,04/10/2026,,12169,,TOWN OF WILEY - GENERAL,,payroll,,270 · DUE TO/FROM GENERAL FUND,,,,101 · CASH IN BANK - UTILITY,,"3,954.94",,-803.09
,,,Check,,04/10/2026,,12169,,TOWN OF WILEY - GENERAL,,land,,270 · DUE TO/FROM GENERAL FUND,,,,101 · CASH IN BANK - UTILITY,,50.00,,-753.09
,,,Check,,04/10/2026,,12169,,TOWN OF WILEY - GENERAL,,health,,491 · EMPLOYEE BENEFIT,,,,101 · CASH IN BANK - UTILITY,,753.09,,0.00
,,,Check,,04/10/2026,,12170,,POST MASTER,,2 BOOKS 2 ROLLS,,101 · CASH IN BANK - UTILITY,,,,465 · OFFICE SUPPLIES/POSTAGE,,-187.20,,-187.20
,,,Check,,04/10/2026,,12170,,POST MASTER,,2 BOOKS 2 ROLLS,,465 · OFFICE SUPPLIES/POSTAGE,,,,101 · CASH IN BANK - UTILITY,,187.20,,0.00
Jan - Dec 26,,,,,,,,,,,,,,,,,,,0.00,,0.00
,,,,,,,,,,,,,,,,,,,,,
